{
  "run_id": "97bd866aa2fe4cbcb00bd6d61e972575",
  "model_name": "LogisticRegression",
  "metrics": {
    "optuna_best_cv_f1_macro": 0.7120348398078957,
    "accuracy": 0.847972972972973,
    "f1_macro": 0.8465376845376845,
    "precision_macro": 0.8681904761904761,
    "recall_macro": 0.8493333333333333,
    "training_time_seconds": 3.762961276996066
  }
}